all_awardings,archived,associated_award,author,author_flair_background_color,author_flair_css_class,author_flair_richtext,author_flair_template_id,author_flair_text,author_flair_text_color,author_flair_type,author_fullname,author_patreon_flair,author_premium,body,body_sha1,can_gild,collapsed,collapsed_because_crowd_control,collapsed_reason,collapsed_reason_code,comment_type,controversiality,created_utc,distinguished,gilded,gildings,id,is_submitter,link_id,locked,no_follow,parent_id,permalink,retrieved_utc,score,score_hidden,send_replies,stickied,subreddit,subreddit_id,subreddit_name_prefixed,subreddit_type,top_awarded_type,total_awards_received,treatment_tags,unrepliable_reason,created
[],False,,qgib56,,,[],,,,text,t2_bu7v008a,False,False,Did you feel like the skillset you gained from consulting was valued tho? I‚Äôm thinking of doing consulting for a few years then landing in tech after,72e84bd71fc0aba51bb96efb90cab5b20615e41a,True,False,,,,,0,1661982764,,0,{},imkvpnk,False,t3_wzsuz2,False,True,t1_im9wtz3,/r/consulting/comments/wzsuz2/faang_top_tech_mbb_big4_canadian_salary_thread/imkvpnk/,1661982781,1,False,True,False,consulting,t5_2r121,r/consulting,public,,0,[],,1661997164.0
[],False,,Derman0524,,,[],,,,text,t2_ty13n,False,False,Ya that‚Äôs my goal. I‚Äôm going to join the consulting club at my school when I start as well. Are the case prep courses or services ever worth the high fee ?,f7d1ebd6c41365cc6537cbac61af97283e2164ba,True,False,,,,,0,1661966415,,0,{},imjoqwq,False,t3_wzsuz2,False,True,t1_imjnyr6,/r/consulting/comments/wzsuz2/faang_top_tech_mbb_big4_canadian_salary_thread/imjoqwq/,1661966429,1,False,True,False,consulting,t5_2r121,r/consulting,public,,0,[],,1661980815.0
[],False,,eli5pleej,,,[],,,,text,t2_9ormobd0,False,False,"Practice a 'lot' of case interviews if you're targeting MBB and boutique firms. It's challenging but will be worth it if you make it.

There are some resources in this community, and a Google search should help too.",52fd5295a3f2b430798ec952666518b6dc41865e,True,False,,,,,0,1661966118,,0,{},imjnyr6,True,t3_wzsuz2,False,True,t1_im8mgfv,/r/consulting/comments/wzsuz2/faang_top_tech_mbb_big4_canadian_salary_thread/imjnyr6/,1661966133,1,False,True,False,consulting,t5_2r121,r/consulting,public,,0,[],,1661980518.0
[],False,,eli5pleej,,,[],,,,text,t2_9ormobd0,False,False,"I think I know you bud.. 

&amp;#x200B;

Initials 'VP'?",b9f04cc3d317b483723ae4615da3d0fde2595435,True,False,,,,,0,1661965780,,0,{},imjn3ji,True,t3_wzsuz2,False,True,t1_im93pfr,/r/consulting/comments/wzsuz2/faang_top_tech_mbb_big4_canadian_salary_thread/imjn3ji/,1661965794,1,False,True,False,consulting,t5_2r121,r/consulting,public,,0,[],,1661980180.0
[],False,,markingup,,,[],,,,text,t2_4sv9n,False,False,you and me both,b0c99835220c2d3cbbc30a438d2d3d634da91b47,True,False,,,,,0,1661821263,,0,{},imbun0u,False,t3_wzsuz2,False,True,t1_im9k1j2,/r/consulting/comments/wzsuz2/faang_top_tech_mbb_big4_canadian_salary_thread/imbun0u/,1661821282,1,False,True,False,consulting,t5_2r121,r/consulting,public,,0,[],,1661835663.0
[],False,,pahoodie,,,[],,,,text,t2_gi0gd,False,False,"I see. Reflecting back, do you think your time at MBB helped your growth? What distinguishes you compared to your peers (in the same product area) who couldn‚Äôt make it to L8?",bee9048962e2ec9950ec0f5bc1f98dbcaa7af1e9,True,False,,,,,0,1661811335,,0,{},imb93lp,False,t3_wzsuz2,False,True,t1_im8c40o,/r/consulting/comments/wzsuz2/faang_top_tech_mbb_big4_canadian_salary_thread/imb93lp/,1661811349,1,False,True,False,consulting,t5_2r121,r/consulting,public,,0,[],,1661825735.0
[],False,,RudeTurnover,,,[],,,dark,text,t2_4j2geklk,False,False,"1. MBB
2. Canada
3. Consulting
4. C1 (third year out of undergrad)
5. $200K base; $40K bonus; + the typical retirement matching",b422da94901740f5d83d4e87d1a620e6d6c7d316,True,False,,,,,0,1661805086,,0,{},imauxfb,False,t3_wzsuz2,False,True,t3_wzsuz2,/r/consulting/comments/wzsuz2/faang_top_tech_mbb_big4_canadian_salary_thread/imauxfb/,1661805096,1,False,True,False,consulting,t5_2r121,r/consulting,public,,0,[],,1661819486.0
[],False,,fierisfrostedtips,,,[],,,,text,t2_oup5n,False,False,"1. MBB
2. Canada
3. Consulting
4. C1
5. $200K base + $40K bonus + typical retirement match",01cbbb63d729e2b3a955a98e13957fe2e61e0272,True,False,,,,,0,1661804982,,0,{},imauoot,False,t3_wzsuz2,False,False,t3_wzsuz2,/r/consulting/comments/wzsuz2/faang_top_tech_mbb_big4_canadian_salary_thread/imauoot/,1661805000,1,False,True,False,consulting,t5_2r121,r/consulting,public,,0,[],,1661819382.0
[],False,,EmuAlone1643,,,[],,,,text,t2_7jgog43i,False,False,Are you able to share your comp progression over the years post consulting ? Would be interesting to see how your comp scaled over time,a2beb690ff30fa76ff88806a597b7b210ea54261,True,False,,,,,0,1661804005,,0,{},imaseip,False,t3_wzsuz2,False,True,t1_im85wxr,/r/consulting/comments/wzsuz2/faang_top_tech_mbb_big4_canadian_salary_thread/imaseip/,1661804343,1,False,True,False,consulting,t5_2r121,r/consulting,public,,0,[],,1661818405.0
[],False,,gabs963,,,[],,,,text,t2_71y8jj84,False,False,they don‚Äôt pay well in Canada?,e6de57a38b28719ab386086958757a6cd390c6f0,True,False,,,,,0,1661799781,,0,{},imaidp9,False,t3_wzsuz2,False,True,t1_im5k9rq,/r/consulting/comments/wzsuz2/faang_top_tech_mbb_big4_canadian_salary_thread/imaidp9/,1661799794,1,False,True,False,consulting,t5_2r121,r/consulting,public,,0,[],,1661814181.0
[],False,,Shadow_Wolf_D2,,,[],,,,text,t2_6jlinnic,False,False,GRC and Privacy,91535ac42f4d466a5cfbb7957d60061002c4db12,True,False,,,,,0,1661793524,,0,{},ima2suk,False,t3_wzsuz2,False,True,t1_im916qf,/r/consulting/comments/wzsuz2/faang_top_tech_mbb_big4_canadian_salary_thread/ima2suk/,1661793537,1,False,True,False,consulting,t5_2r121,r/consulting,public,,0,[],,1661807924.0
[],False,,liquidpig,,,[],,ex-MBB,dark,text,t2_4csap,False,True,MBB didn‚Äôt help in tech beyond what you might learn there. Tech companies generally don‚Äôt care where you were before if not another tech company. If you are going for an internal strategy team role then it matters but not for PM.,47ae0bd262d0294cdfd4fe19cb0c2425f3d5ecc1,True,False,,,,,0,1661791195,,0,{},im9wtz3,False,t3_wzsuz2,False,True,t1_im9p43b,/r/consulting/comments/wzsuz2/faang_top_tech_mbb_big4_canadian_salary_thread/im9wtz3/,1661791213,1,False,True,False,consulting,t5_2r121,r/consulting,public,,0,[],,1661805595.0
[],False,,apoorv1031,,,[],,,,text,t2_16jk9y,False,False,This looks great! I'm planning for a Top 15 US MBA next year. Can you share insights if your MBB experience helped you move the ladder faster than your peers in tech? I see myself at a big tech doing PM in the long term. Do you think I can explore consulting (MBB if possible) for 2 years for better career progression and then go into Product Management or directly aim for a Product role at FAANG? PS - I am currently a PM at a unicorn in India.,65e6b3b939881000c3d794261513ded49b1efa12,True,False,,,,,0,1661788120,,0,{},im9p43b,False,t3_wzsuz2,False,True,t1_im5np5k,/r/consulting/comments/wzsuz2/faang_top_tech_mbb_big4_canadian_salary_thread/im9p43b/,1661788131,1,False,True,False,consulting,t5_2r121,r/consulting,public,,0,[],,1661802520.0
[],False,,sowacc,,,[],,,,text,t2_i96ncv,False,False,"I use ‚Äúpost-MBA‚Äù a description of seniority, since SA is not generally used to describe the role. At M the post-MBA role is ‚ÄúAssociate‚Äù, at BB it‚Äôs ‚ÄúConsultant‚Äù. 
Generally, people will do an MBA then get hired into these roles. However, MBB‚Äôs have ‚ÄúAdvanced Degree‚Äù streams for folks coming from PhD/MD/JD/Postdoc programs that hire into the same post-MBA role.",71a87adac3e8e26d0361c0161cfe8a870edfa25d,True,False,,,,,0,1661787545,,0,{},im9nofj,False,t3_wzsuz2,False,True,t1_im9kxzf,/r/consulting/comments/wzsuz2/faang_top_tech_mbb_big4_canadian_salary_thread/im9nofj/,1661787563,1,False,True,False,consulting,t5_2r121,r/consulting,public,,0,[],,1661801945.0
[],False,,TheSpektor,,,[],,,,text,t2_e9ksv,False,False,Could you explain post-MBA role without having an MBA? What degree got you in?,1ce23f203f0d0321213328241447261c67f83187,True,False,,,,,0,1661786441,,0,{},im9kxzf,False,t3_wzsuz2,False,True,t1_im58b0o,/r/consulting/comments/wzsuz2/faang_top_tech_mbb_big4_canadian_salary_thread/im9kxzf/,1661786459,1,False,True,False,consulting,t5_2r121,r/consulting,public,,0,[],,1661800841.0
[],False,,shipmaster1995,,,[],,,,text,t2_h84w0,False,False,BCG entry-level undergrad salary raised to $110k this year,70bbc42495c1e3c8f1c53818d22904c7925da018,True,False,,,,,0,1661786274,,0,{},im9kj3g,False,t3_wzsuz2,False,True,t1_im8h1b2,/r/consulting/comments/wzsuz2/faang_top_tech_mbb_big4_canadian_salary_thread/im9kj3g/,1661786290,1,False,True,False,consulting,t5_2r121,r/consulting,public,,0,[],,1661800674.0
[],False,,TheSpektor,,,[],,,,text,t2_e9ksv,False,False,"Firm Type: Big4
Location: HCOL
LOS/Vertical/Practice: Technology Consulting
Level at firm: SA3
CAD$: 80k + 10K Bonus 
Additional Info/Optional:Non-MBA Master of Business + 4 YOE unrelated industry. 
Trained in Management Consulting, trying to get my designation. I would prefer to be at MBB.",1a93988079d7bf2c8fc11b775d9d95845d6afcb6,True,False,,,,,0,1661786071,,0,{},im9k1j2,False,t3_wzsuz2,False,True,t3_wzsuz2,/r/consulting/comments/wzsuz2/faang_top_tech_mbb_big4_canadian_salary_thread/im9k1j2/,1661786084,1,False,True,False,consulting,t5_2r121,r/consulting,public,,0,[],,1661800471.0
[],False,,velloceti,,,[],,,,text,t2_14we0p,False,False,University of Calgary,a2b1c01ac5ce9ca60a307e1f3f89187b34d2b474,True,False,,,,,0,1661780346,,0,{},im96l6h,False,t3_wzsuz2,False,False,t1_im7gmvi,/r/consulting/comments/wzsuz2/faang_top_tech_mbb_big4_canadian_salary_thread/im96l6h/,1661780361,1,False,True,False,consulting,t5_2r121,r/consulting,public,,0,[],,1661794746.0
[],False,,moneymonkey42,,,[],,,,text,t2_2xv1s93,False,False,"1. Big 4
2. HCOL
3. Technology Consulting
4. Manager
5. 145K base; bonus tbd
6. 5 YOE, left one b4 for another for manager promotion after 4.5 years in",1f4a8232e48466d64d2e5cdb69ca66dfd0a739c9,True,False,,,,,0,1661778988,,0,{},im93pfr,False,t3_wzsuz2,False,True,t3_wzsuz2,/r/consulting/comments/wzsuz2/faang_top_tech_mbb_big4_canadian_salary_thread/im93pfr/,1661779003,1,False,True,False,consulting,t5_2r121,r/consulting,public,,0,[],,1661793388.0
[],False,,chasingsukoon,,,[],,,,text,t2_bpi4mavi,False,False,what subtrack within cyber?,06f8d358dafb7933e43729a13eb183a6762b9f25,True,False,,,,,0,1661777768,,0,{},im916qf,False,t3_wzsuz2,False,False,t1_im78ybe,/r/consulting/comments/wzsuz2/faang_top_tech_mbb_big4_canadian_salary_thread/im916qf/,1661777786,1,False,True,False,consulting,t5_2r121,r/consulting,public,,0,[],,1661792168.0
[],False,,Derman0524,,,[],,,,text,t2_ty13n,False,False,"My neighbor across the street is high up at Accenture so I was wondering lol. But $80-$110K is highway robbery after an MBA. My goal is BCG, Bain, Kearney, or Oliver Wyman but they‚Äôre quite difficult to get in of course",41bcf3ce5485cdb8df7320cd2ef54fc87ec37de7,True,False,,,,,0,1661768756,,0,{},im8mgfv,False,t3_wzsuz2,False,True,t1_im88u1b,/r/consulting/comments/wzsuz2/faang_top_tech_mbb_big4_canadian_salary_thread/im8mgfv/,1661768772,1,False,True,False,consulting,t5_2r121,r/consulting,public,,0,[],,1661783156.0
[],False,,liquidpig,,,[],,ex-MBB,dark,text,t2_4csap,False,True,Do they talk about it on earnings calls? Does it move a top line metric that someone reporting to the CEO cares about?,646f9c1ec47d2b1aee7e952c7d588bf2f90a82b8,True,False,,,,,0,1661759919,,0,{},im8c40o,False,t3_wzsuz2,False,True,t1_im88j5u,/r/consulting/comments/wzsuz2/faang_top_tech_mbb_big4_canadian_salary_thread/im8c40o/,1661759937,1,False,True,False,consulting,t5_2r121,r/consulting,public,,0,[],,1661774319.0
[],False,,liquidpig,,,[],,ex-MBB,dark,text,t2_4csap,False,True,Basically what I said earlier. Get good at something important to the business.,6cdea64065b0c7ea49ec757eeb90b01a87df5a9d,True,False,,,,,0,1661759851,,0,{},im8c17s,False,t3_wzsuz2,False,True,t1_im88beh,/r/consulting/comments/wzsuz2/faang_top_tech_mbb_big4_canadian_salary_thread/im8c17s/,1661759867,1,False,True,False,consulting,t5_2r121,r/consulting,public,,0,[],,1661774251.0
[],False,,Dr-Lowkick,,,[],,,,text,t2_5xlqh,False,False,It is. Only work regular 8-4 hours and work is slow. I don‚Äôt think this is the norm compared to regular consulting firms.,bb5b6e84d486f11e294a024f85efdb4e9e088a20,True,False,,,,,0,1661758595,,0,{},im8al8x,False,t3_wzsuz2,False,True,t1_im891hd,/r/consulting/comments/wzsuz2/faang_top_tech_mbb_big4_canadian_salary_thread/im8al8x/,1661758605,1,False,True,False,consulting,t5_2r121,r/consulting,public,,0,[],,1661772995.0
[],False,,eli5pleej,,,[],,,,text,t2_9ormobd0,False,False,"Love your spirit

`FAANG US pay just keeps calling my name!`",baf14790a3cce5c98e189af51a17e6e8d25b819b,True,False,,,,,0,1661757585,,0,{},im89esg,True,t3_wzsuz2,False,True,t1_im7ezjh,/r/consulting/comments/wzsuz2/faang_top_tech_mbb_big4_canadian_salary_thread/im89esg/,1661757600,1,False,True,False,consulting,t5_2r121,r/consulting,public,,0,[],,1661771985.0
[],False,,eli5pleej,,,[],,,,text,t2_9ormobd0,False,False,He might be at Strategy&amp; (now part of PwC) and on the top quartile of SA level.,a2b6fb41604d950b28686c701a17db0c33c48047,True,False,,,,,0,1661757471,,0,{},im899yj,True,t3_wzsuz2,False,True,t1_im6nlav,/r/consulting/comments/wzsuz2/faang_top_tech_mbb_big4_canadian_salary_thread/im899yj/,1661757486,1,False,True,False,consulting,t5_2r121,r/consulting,public,,0,[],,1661771871.0
[],False,,eli5pleej,,,[],,,,text,t2_9ormobd0,False,False,Very Interesting!,e9316d627f55c20455d3c06bd9da1431fa165c4a,True,False,,,,,0,1661757268,,0,{},im891hd,True,t3_wzsuz2,False,True,t1_im690ps,/r/consulting/comments/wzsuz2/faang_top_tech_mbb_big4_canadian_salary_thread/im891hd/,1661757279,1,False,True,False,consulting,t5_2r121,r/consulting,public,,0,[],,1661771668.0
[],False,,eli5pleej,,,[],,,,text,t2_9ormobd0,False,False,"Accenture wouldn't value your MBA as much as a MBB would. That said, you can look at 80-110k at Accenture and 160-175k at MBB.",63a633e885e764bcca436bfdf8da26a7db98576c,True,False,,,,,0,1661757086,,0,{},im88u1b,True,t3_wzsuz2,False,True,t1_im7gr2t,/r/consulting/comments/wzsuz2/faang_top_tech_mbb_big4_canadian_salary_thread/im88u1b/,1661757100,1,False,True,False,consulting,t5_2r121,r/consulting,public,,0,[],,1661771486.0
[],False,,pahoodie,,,[],,,,text,t2_gi0gd,False,False,How did you identify which product areas are worthwhile to go deep?,e4501dd1fb4e4993fca60676ec6775f8da098e23,True,False,,,,,0,1661756830,,0,{},im88j5u,False,t3_wzsuz2,False,True,t1_im6nzk7,/r/consulting/comments/wzsuz2/faang_top_tech_mbb_big4_canadian_salary_thread/im88j5u/,1661756842,1,False,True,False,consulting,t5_2r121,r/consulting,public,,0,[],,1661771230.0
[],False,,pahoodie,,,[],,,,text,t2_gi0gd,False,False,"Sounds like L4 to L8 in 8 years, v impressive. What helped you make the climb up? Esp L5/IC to L6/lead to Director",d75950e4493cd234ff02facc6b2eeb1a479ef234,True,False,,,,,0,1661756651,,0,{},im88beh,False,t3_wzsuz2,False,True,t1_im85wxr,/r/consulting/comments/wzsuz2/faang_top_tech_mbb_big4_canadian_salary_thread/im88beh/,1661756663,1,False,True,False,consulting,t5_2r121,r/consulting,public,,0,[],,1661771051.0
[],False,,liquidpig,,,[],,ex-MBB,dark,text,t2_4csap,False,True,"Using levels.fyi it would be L8 at Facebook and Google, L65 at Microsoft, Partner and Director at BCG Digital Ventures as some comparison points. 

I joined MBB post MBA, did 2 years, then off to one tech company in a relatively junior PM role, then to my current one with a slight bump to a mid level PM.",9b0a83faadb767758b7da3531159a136fca1ce2b,True,False,,,,,0,1661754701,,0,{},im85wxr,False,t3_wzsuz2,False,True,t1_im74f1q,/r/consulting/comments/wzsuz2/faang_top_tech_mbb_big4_canadian_salary_thread/im85wxr/,1661754714,1,False,True,False,consulting,t5_2r121,r/consulting,public,,0,[],,1661769101.0
[],False,,NoiceAndToitt,,,[],,,,text,t2_8yjlkevu,False,False,"I would definitely consider B4 manager to MBB SC an upmove.

Sure, you‚Äôre no longer a ‚Äòmanager‚Äô, but your exit options and internal growth paths are significantly improved",ed362db17410746d3a50e9add54a637c06f5a63a,True,False,,,,,0,1661747853,,0,{},im7w8i8,False,t3_wzsuz2,False,True,t1_im75mi9,/r/consulting/comments/wzsuz2/faang_top_tech_mbb_big4_canadian_salary_thread/im7w8i8/,1661747863,1,False,True,False,consulting,t5_2r121,r/consulting,public,,0,[],,1661762253.0
[],False,,heyhowmuchfun,,,[],353092e0-e487-11e1-92bf-12313d168e98,Payments Strategy Consulting / Ex Big4,dark,text,t2_99d0y,False,False,"Firm Type: Tech External Consulting (Think IBM, Mastercard or Shopify)  
Location: HCOL  
LOS/Vertical/Practice: Strategy  
Level at firm: L6 / Manager 1  
CAD$: 127K + 10 - 15% Bonus + 10% RRSP  
Additional Info/Optional: Ex Big 4 MC --&gt; Tech Strategy, slightly different levels than B4",c3078204ac80fe252b50972eb15430e5cd376c5e,True,False,,,,,0,1661743838,,0,{},im7pca9,False,t3_wzsuz2,False,True,t3_wzsuz2,/r/consulting/comments/wzsuz2/faang_top_tech_mbb_big4_canadian_salary_thread/im7pca9/,1661743854,1,False,True,False,consulting,t5_2r121,r/consulting,public,,0,[],,1661758238.0
[],False,,NamesRHard2ThinkOf,,,[],,,,text,t2_8v7ou,False,False,"I'm not sure level of education would affect how much within each band, but may convince them to bring you in at at a higher level",1dafea2bb5dc0f056790532d187a511ea2789a54,True,False,,,,,0,1661739552,,0,{},im7gyc1,False,t3_wzsuz2,False,True,t1_im7gr2t,/r/consulting/comments/wzsuz2/faang_top_tech_mbb_big4_canadian_salary_thread/im7gyc1/,1661739566,1,False,True,False,consulting,t5_2r121,r/consulting,public,,0,[],,1661753952.0
[],False,,Derman0524,,,[],,,,text,t2_ty13n,False,False,Do you know what MBA‚Äôs get at Accenture? I can‚Äôt get a solid answer on this,721f2c102e5f738ddd2220fc7d0903f794ebbd8a,True,False,,,,,0,1661739453,,0,{},im7gr2t,False,t3_wzsuz2,False,True,t1_im7go76,/r/consulting/comments/wzsuz2/faang_top_tech_mbb_big4_canadian_salary_thread/im7gr2t/,1661739468,1,False,True,False,consulting,t5_2r121,r/consulting,public,,0,[],,1661753853.0
[],False,,NamesRHard2ThinkOf,,,[],,,,text,t2_8v7ou,False,False,Bcomm only,f0d56f5d42e02f365fbd92fc965a97201ad7421d,True,False,,,,,0,1661739416,,0,{},im7go76,False,t3_wzsuz2,False,True,t1_im7gkeu,/r/consulting/comments/wzsuz2/faang_top_tech_mbb_big4_canadian_salary_thread/im7go76/,1661739429,1,False,True,False,consulting,t5_2r121,r/consulting,public,,0,[],,1661753816.0
[],False,,Derman0524,,,[],,,,text,t2_ty13n,False,False,Where you get your MBA from?,791921c2f651f9c644fbfcde8102c036078ff0ae,True,False,,,,,0,1661739398,,0,{},im7gmvi,False,t3_wzsuz2,False,True,t1_im71l6i,/r/consulting/comments/wzsuz2/faang_top_tech_mbb_big4_canadian_salary_thread/im7gmvi/,1661739414,1,False,True,False,consulting,t5_2r121,r/consulting,public,,0,[],,1661753798.0
[],False,,Derman0524,,,[],,,,text,t2_ty13n,False,False,You have an MBA? I‚Äôm targeting Accenture after my MBA but the salaries seemed a little low,28fc31f8e6ab2e66d4527558bfbca1bacc764983,True,False,,,,,0,1661739363,,0,{},im7gkeu,False,t3_wzsuz2,False,True,t1_im6sf79,/r/consulting/comments/wzsuz2/faang_top_tech_mbb_big4_canadian_salary_thread/im7gkeu/,1661739374,1,False,True,False,consulting,t5_2r121,r/consulting,public,,0,[],,1661753763.0
[],False,,incorporated8,,,[],353092e0-e487-11e1-92bf-12313d168e98,Big4 Strat,dark,text,t2_td4kp,False,False,"1. Big 4 
2. HCOL
3. Strategy arm
4. Staff 2, on track for promotion within a year
5. Base: 70K, Bonus: 5.5K",1c1980ba673a4b251d2d4e6a2b1cb11b32a3eac5,True,False,,,,,0,1661738665,,0,{},im7f4vb,False,t3_wzsuz2,False,True,t3_wzsuz2,/r/consulting/comments/wzsuz2/faang_top_tech_mbb_big4_canadian_salary_thread/im7f4vb/,1661738677,1,False,True,False,consulting,t5_2r121,r/consulting,public,,0,[],,1661753065.0
[],False,,Furbylover,,,[],353092e0-e487-11e1-92bf-12313d168e98,mr manager üçå,dark,text,t2_4qcog,False,False,"1. Top tech
2. HCOL
3. Product Manager
4. Senior PM
5. CAD $130K base, $90K/year RSUs vested quarterly
6. 5 years in consulting, non MBB, left after manager promo

Going to ride things out here and hopefully get into FAANG after a year or two.",cd0a0f22f78a20ff6af5d7f5144aa21c49630b18,True,False,,,,,0,1661738595,,0,{},im7ezjh,False,t3_wzsuz2,False,True,t3_wzsuz2,/r/consulting/comments/wzsuz2/faang_top_tech_mbb_big4_canadian_salary_thread/im7ezjh/,1661738609,1,False,True,False,consulting,t5_2r121,r/consulting,public,,0,[],,1661752995.0
[],False,,UltraHunt,,,[],,,,text,t2_fm9vo,False,False,"1. Other (SaaS)
2. HCOL
3. Software Consulting
4. Associate
5. 80K base, 8K bonus, 2% RRSP
6. Experienced hire (3+ yrs in industry)",eb84b003e0373d98aebed16c7d8dc4c3c977bcd5,True,False,,,,,0,1661736832,,0,{},im7bd98,False,t3_wzsuz2,False,True,t3_wzsuz2,/r/consulting/comments/wzsuz2/faang_top_tech_mbb_big4_canadian_salary_thread/im7bd98/,1661736847,1,False,True,False,consulting,t5_2r121,r/consulting,public,,0,[],,1661751232.0
[],False,,Shadow_Wolf_D2,,,[],,,,text,t2_6jlinnic,False,False,"F500, HCOL(role is fully remote), Cybersecurity-FTE, Midlevel analyst, 130K base + 10K annual bonus + 3%RRSP, 4YoE with relevant MS degree.",ff09e15f0ce555b374828b3f68d30f88df76a5b6,True,False,,,,,0,1661735668,,0,{},im78ybe,False,t3_wzsuz2,False,True,t3_wzsuz2,/r/consulting/comments/wzsuz2/faang_top_tech_mbb_big4_canadian_salary_thread/im78ybe/,1661735680,1,False,True,False,consulting,t5_2r121,r/consulting,public,,0,[],,1661750068.0
[],False,,pentaplex,,,[],,,,text,t2_til33,False,False,"is this normal at mbb? to be sitting at sc level with 7.5yoe. honestly not roasting or anything, genuinely curious if the ladder is shifted since i'd imagine that'd amount to manager+ at a big4. apples and oranges, obviously.",0ef06c40d913f033c1da575d3bdd57585017c78d,True,False,,,,,0,1661734072,,0,{},im75mi9,False,t3_wzsuz2,False,True,t1_im4588v,/r/consulting/comments/wzsuz2/faang_top_tech_mbb_big4_canadian_salary_thread/im75mi9/,1661734088,1,False,True,False,consulting,t5_2r121,r/consulting,public,,0,[],,1661748472.0
[],False,,pahoodie,,,[],,,,text,t2_gi0gd,False,False,What level does Director at your company map to? What level did you start at?,49cb2fba150f3ebfce273cea24c0a541fe943584,True,False,,,,,0,1661733502,,0,{},im74f1q,False,t3_wzsuz2,False,True,t1_im5np5k,/r/consulting/comments/wzsuz2/faang_top_tech_mbb_big4_canadian_salary_thread/im74f1q/,1661733514,1,False,True,False,consulting,t5_2r121,r/consulting,public,,0,[],,1661747902.0
[],False,,arg724,,,[],,,,text,t2_dps9eypc,False,False,"1. Big 4
2. HCOL
3. Advisory/Management Consulting
4. A1
5. 70k + 5k sign on bonus 
6. Recent grad, non-MBA masters",fb9e4d37937e0f845a5324798f36fdf879549894,True,False,,,,,0,1661732492,,0,{},im72aj0,False,t3_wzsuz2,False,True,t3_wzsuz2,/r/consulting/comments/wzsuz2/faang_top_tech_mbb_big4_canadian_salary_thread/im72aj0/,1661732508,1,False,True,False,consulting,t5_2r121,r/consulting,public,,0,[],,1661746892.0
[],False,,velloceti,,,[],,,,text,t2_14we0p,False,False,"1. Specialized software dev consultancy (top tech for our specialty)
2. LCOL
3. Technology consulting
4. Technical PM
5. $125K base, no bonus
6. MBA, remote, 4 weeks PTO, specialty background w/ min dev experience",9df484442814c3017afa940ea95597d74f611ee2,True,False,,,,,0,1661732155,,0,{},im71l6i,False,t3_wzsuz2,False,True,t3_wzsuz2,/r/consulting/comments/wzsuz2/faang_top_tech_mbb_big4_canadian_salary_thread/im71l6i/,1661732172,1,False,True,False,consulting,t5_2r121,r/consulting,public,,0,[],,1661746555.0
[],False,,trainingwheelsJoe,,,[],,,,text,t2_f397oo16,False,False,Strategy and analytics 4 yoe,d7a3126f2f7be999938b2f38549ff5fa24622b19,True,False,,,,,0,1661729107,,0,{},im6v6dv,False,t3_wzsuz2,False,True,t1_im6mk72,/r/consulting/comments/wzsuz2/faang_top_tech_mbb_big4_canadian_salary_thread/im6v6dv/,1661729125,1,False,True,False,consulting,t5_2r121,r/consulting,public,,0,[],,1661743507.0
[],False,,NamesRHard2ThinkOf,,,[],,,,text,t2_8v7ou,False,False,"Firm Type: Accenture  
Location: MCOL  
LOS/Vertical/Practice: Technology Consulting  
Level at firm: Consultant L9

CAD$: $105,000 + $5,000 signing bonus + 3-8% year end bonus  
Additional Info/Optional: 3 YoE data-focused implementation project",ad48b6b4819b10870d42cd90fbfce46d2aa3548b,True,False,,,,,0,1661727819,,0,{},im6sf79,False,t3_wzsuz2,False,True,t3_wzsuz2,/r/consulting/comments/wzsuz2/faang_top_tech_mbb_big4_canadian_salary_thread/im6sf79/,1661727834,1,False,True,False,consulting,t5_2r121,r/consulting,public,,0,[],,1661742219.0
[],False,,liquidpig,,,[],,ex-MBB,dark,text,t2_4csap,False,True,"Yes I had a technical background before consulting. It‚Äôs actually one of the reasons I went into and subsequently left consulting. I felt I was too technical ‚Äúfor the real world‚Äù so did an MBA and consulting to learn something business-like. After a few years I missed spending most of my time actually thinking about math/algorithms and so I jumped to tech. 

Prior to this role I had a different one (still PM) at another big tech company. That‚Äôs where I learned PM but also wasn‚Äôt in an important part of the company and when things became uncertain my product area was on the chopping block. 

I landed in my current product area a bit by luck but have been intentional about sticking around and going very deep on it while others tend to move around a lot.",8ee2aec2fc68a4fbe54bc3b878a1d054d8230ec7,True,False,,,,,0,1661725815,,0,{},im6nzk7,False,t3_wzsuz2,False,True,t1_im6aag7,/r/consulting/comments/wzsuz2/faang_top_tech_mbb_big4_canadian_salary_thread/im6nzk7/,1661725826,1,False,True,False,consulting,t5_2r121,r/consulting,public,,0,[],,1661740215.0
[],False,,Vahlux,,,[],,,,text,t2_9c3h8,False,False,"1. Big 4

2. HCOL

3. Management Consulting

4. Consultant 

5. $72k, $5k signing bonus when I signed earlier this year",f0372313764c1ecf45bf312df507cbb9c79f7bfe,True,False,,,,,0,1661725775,,0,{},im6nwcx,False,t3_wzsuz2,False,True,t3_wzsuz2,/r/consulting/comments/wzsuz2/faang_top_tech_mbb_big4_canadian_salary_thread/im6nwcx/,1661725787,1,False,True,False,consulting,t5_2r121,r/consulting,public,,0,[],,1661740175.0
[],False,,Vahlux,,,[],,,,text,t2_9c3h8,False,False,Mind if I ask which big 4? I'm big 4 probably 8 months off SA level and I'm making half that,3492eeec49a5b1613437bc5dbd91fa494148e9a6,True,False,,,,,0,1661725638,,0,{},im6nlav,False,t3_wzsuz2,False,True,t1_im5hhq5,/r/consulting/comments/wzsuz2/faang_top_tech_mbb_big4_canadian_salary_thread/im6nlav/,1661725655,1,False,True,False,consulting,t5_2r121,r/consulting,public,,0,[],,1661740038.0
[],False,,AdidasBoy99,,,[],,,,text,t2_3sojtyfv,False,False,what type of consulting,bfef0f2e01a20a1adf04f3c9ea906489acdc3ddc,True,False,,,,,0,1661725179,,0,{},im6mk72,False,t3_wzsuz2,False,True,t1_im5hhq5,/r/consulting/comments/wzsuz2/faang_top_tech_mbb_big4_canadian_salary_thread/im6mk72/,1661725194,1,False,True,False,consulting,t5_2r121,r/consulting,public,,0,[],,1661739579.0
[],False,,Rookyboy,,,[],,,,text,t2_jr4vd,False,False,What market?,c24dfab3001829abaed28882fe0a6d8adada2a27,True,False,,,,,0,1661721284,,0,{},im6dh4a,False,t3_wzsuz2,False,True,t1_im550eh,/r/consulting/comments/wzsuz2/faang_top_tech_mbb_big4_canadian_salary_thread/im6dh4a/,1661721300,1,False,True,False,consulting,t5_2r121,r/consulting,public,,0,[],,1661735684.0
[],False,,Frosty_Cicada791,,,[],,,,text,t2_92zjktjd,False,False,"Maybe there is an easy exchange of workers due to USMCA. I know Canadians who want work down south can use TN status, which allows for long stays and is incredibly easy to get, but I'm not sure how it works vice versa.",fdbbd00091d8cfb81b4fb2ec19b33e448494c815,True,False,,,,,0,1661720605,,0,{},im6bv4x,False,t3_wzsuz2,False,True,t1_im69r7f,/r/consulting/comments/wzsuz2/faang_top_tech_mbb_big4_canadian_salary_thread/im6bv4x/,1661720618,1,False,True,False,consulting,t5_2r121,r/consulting,public,,0,[],,1661735005.0
[],False,,Frosty_Cicada791,,,[],,,,text,t2_92zjktjd,False,False,"I think there is this visa called the TN visa. It is for Canadians moving south, but maybe also for Americans moving north. It is really easy to get and companies will likely not see it as a problem at all. Look into the requirements for tn visas.",db66704fd77979295f0db10b288d1b0572a9edbf,True,False,,,,,0,1661720465,,0,{},im6bj42,False,t3_wzsuz2,False,True,t1_im69r7f,/r/consulting/comments/wzsuz2/faang_top_tech_mbb_big4_canadian_salary_thread/im6bj42/,1661720483,1,False,True,False,consulting,t5_2r121,r/consulting,public,,0,[],,1661734865.0
[],False,,No_Sch3dul3,,,[],,,,text,t2_4dczy0g0,False,False,"Did you have a technical background before you got the MBA? How did you work your way into an important part of the business? Were you able to land in a key, high growth organization directly and then become indispensable or did you have to move internally to a high growth org?",a8843f62ff0976f4ca802ac9ec5a0ca415d4774c,True,False,,,,,0,1661719945,,0,{},im6aag7,False,t3_wzsuz2,False,True,t1_im5r10c,/r/consulting/comments/wzsuz2/faang_top_tech_mbb_big4_canadian_salary_thread/im6aag7/,1661719963,1,False,True,False,consulting,t5_2r121,r/consulting,public,,0,[],,1661734345.0
[],False,,Hack_Jarlow,,,[],,,,text,t2_84ezf7l5,False,False,"Yup, I‚Äôm aware of that. Was just curious to see if Canadian employers recruit US professionals.

I don‚Äôt meet CRS score requirement for express entry yet",39fb26ba9b2863b376a934c88a929bd8bedd2a2f,True,False,,,,,0,1661719724,,0,{},im69r7f,False,t3_wzsuz2,False,True,t1_im68bbi,/r/consulting/comments/wzsuz2/faang_top_tech_mbb_big4_canadian_salary_thread/im69r7f/,1661719735,1,False,True,False,consulting,t5_2r121,r/consulting,public,,0,[],,1661734124.0
[],False,,Dr-Lowkick,,,[],,,,text,t2_5xlqh,False,False,"1.	Independent consulting
2.	MCOL
3.	Healthcare IT strategy
4.	Manager level
5.	$120/hr, works out to ~$210k. No bonus or benefits
6.	healthcare background; 7 years YoE with healthcare IT. Graduate degree",ebd1680092c41f32bb3d0486d822c8b62356961e,True,False,,,,,0,1661719416,,0,{},im690ps,False,t3_wzsuz2,False,False,t3_wzsuz2,/r/consulting/comments/wzsuz2/faang_top_tech_mbb_big4_canadian_salary_thread/im690ps/,1661719434,1,False,True,False,consulting,t5_2r121,r/consulting,public,,0,[],,1661733816.0
[],False,,Frosty_Cicada791,,,[],,,,text,t2_92zjktjd,False,False,Express entry is for anyone with a degree and some experience.,4c61bbb556ec89c481e77a86da7cae88e489313a,True,False,,,,,0,1661719118,,0,{},im68bbi,False,t3_wzsuz2,False,True,t1_im63x9b,/r/consulting/comments/wzsuz2/faang_top_tech_mbb_big4_canadian_salary_thread/im68bbi/,1661719133,1,False,True,False,consulting,t5_2r121,r/consulting,public,,0,[],,1661733518.0
[],False,,Hack_Jarlow,,,[],,,,text,t2_84ezf7l5,False,False,"Wow, the salaries in Canada all seem very competitive. I always hear the Canadian accountants in r/accounting complain about low salaries so I assumed it was the same across other industries.

How feasible would it be to get a job in these industries coming from the states?

I have consulting experience at Deloitte and currently work at a Boutique IB. I‚Äôve looked at Express Entry but that seems like something geared for people with more than 3-4 years of experience and a Masters degree. 

I graduated last year and have a little over a year of post college work experience.",a7fbf67b58a57d79c304ba6a93163b4bd6499675,True,False,,,,,0,1661717290,,0,{},im63x9b,False,t3_wzsuz2,False,True,t3_wzsuz2,/r/consulting/comments/wzsuz2/faang_top_tech_mbb_big4_canadian_salary_thread/im63x9b/,1661717308,1,False,True,False,consulting,t5_2r121,r/consulting,public,,0,[],,1661731690.0
[],False,,fernandocz,,,[],,,,text,t2_s4lwu,False,False,wow that's pretty high for SA,12beecd913a8aded43200381ac22eabf810d547f,True,False,,,,,0,1661714432,,0,{},im5x39e,False,t3_wzsuz2,False,True,t1_im5hhq5,/r/consulting/comments/wzsuz2/faang_top_tech_mbb_big4_canadian_salary_thread/im5x39e/,1661714450,1,False,True,False,consulting,t5_2r121,r/consulting,public,,0,[],,1661728832.0
[],False,,yuri_yk,,,[],,,,text,t2_14x883,False,False,Wow! I‚Äôm an SA2 and I ‚Äúonly‚Äù make 135k with low bonus.  Which Big4 are you?,fd1f4bc2a77147e5f152714cac972db9ff9cb879,True,False,,,,,0,1661714197,,0,{},im5wj27,False,t3_wzsuz2,False,True,t1_im5hhq5,/r/consulting/comments/wzsuz2/faang_top_tech_mbb_big4_canadian_salary_thread/im5wj27/,1661714217,1,False,True,False,consulting,t5_2r121,r/consulting,public,,0,[],,1661728597.0
[],False,,liquidpig,,,[],,ex-MBB,dark,text,t2_4csap,False,True,"To get in it was a standard process. It‚Äôs really more what you do at a company that gets you success. 

I‚Äôve basically learned that one of the paths to success is to just get really good at something that is very important to the business. In good times you grow. In tough times you still grow. And when things get really tough all the bosses look to you for the answers.",4e7a337f5f0b5ca50c59d7c81120eb28dd33f801,True,False,,,,,0,1661711924,,0,{},im5r10c,False,t3_wzsuz2,False,True,t1_im5pswd,/r/consulting/comments/wzsuz2/faang_top_tech_mbb_big4_canadian_salary_thread/im5r10c/,1661711938,1,False,True,False,consulting,t5_2r121,r/consulting,public,,0,[],,1661726324.0
[],False,,Chance_Addendum_771,,,[],,,,text,t2_bxrtgbq3,False,False,"Wow!

1.6m per year is impressive.
How did you land the role if I might ask?",bf4931ab0f8da60a8f446d6ec8e4c4adc3245d88,True,False,,,,,0,1661711418,,0,{},im5pswd,False,t3_wzsuz2,False,True,t1_im5np5k,/r/consulting/comments/wzsuz2/faang_top_tech_mbb_big4_canadian_salary_thread/im5pswd/,1661711433,1,False,True,False,consulting,t5_2r121,r/consulting,public,,0,[],,1661725818.0
[],False,,SimpleForLife,,,[],,,,text,t2_ejkrbbt5,False,False,That‚Äôs impressive.,10c02f1c913c69063cab784410cc02751f699322,True,False,,,,,0,1661710949,,0,{},im5onzr,False,t3_wzsuz2,False,True,t1_im4l554,/r/consulting/comments/wzsuz2/faang_top_tech_mbb_big4_canadian_salary_thread/im5onzr/,1661710967,1,False,True,False,consulting,t5_2r121,r/consulting,public,,0,[],,1661725349.0
[],False,,liquidpig,,,[],,ex-MBB,dark,text,t2_4csap,False,True,"1. FAANG

2. LCOL (remote)

3. Product Manager

4. Director

5. $322k base, 30% bonus base, $1.2M equity per year approx

5. Not actually in Canada yet but will be moving and have my relocation salary offer. MBA, ex-MBB, 8 yrs in tech post consulting.",b7398658cad29f2cefefe92f22a10ac5fefe8b51,True,False,,,,,0,1661710553,,0,{},im5np5k,False,t3_wzsuz2,False,True,t3_wzsuz2,/r/consulting/comments/wzsuz2/faang_top_tech_mbb_big4_canadian_salary_thread/im5np5k/,1661710566,1,False,True,False,consulting,t5_2r121,r/consulting,public,,0,[],,1661724953.0
[],False,,Sal88H,,,[],,,,text,t2_480qcd9s,False,False,Me who works at Accenture just lurking cause im left out of the targeted audience ü§ù,92b8a8e60d42600b6ed9efe3d9145b7f7208252d,True,False,,,,,0,1661709161,,0,{},im5k9rq,False,t3_wzsuz2,False,True,t3_wzsuz2,/r/consulting/comments/wzsuz2/faang_top_tech_mbb_big4_canadian_salary_thread/im5k9rq/,1661709174,1,False,True,False,consulting,t5_2r121,r/consulting,public,,0,[],,1661723561.0
[],False,,trainingwheelsJoe,,,[],,,,text,t2_f397oo16,False,False,"Big 4, HCOL, consulting, SA, $143 + 30k bonus",99e16a661b5071649a06479137955026f8996be3,True,False,,,,,0,1661708025,,0,{},im5hhq5,False,t3_wzsuz2,False,True,t3_wzsuz2,/r/consulting/comments/wzsuz2/faang_top_tech_mbb_big4_canadian_salary_thread/im5hhq5/,1661708039,1,False,True,False,consulting,t5_2r121,r/consulting,public,,0,[],,1661722425.0
[],False,,markingup,,,[],,,,text,t2_4sv9n,False,False,"1. Big4 (Deloitte)
2. MCOL
3. Tech Consulting
4. Consultant (A2)
5. 80 Base , 5k bonus , 2% RRSP
6. 1.5 YOE",2aae166ff7a8a3d8b85d7fe75cef7aa733218b03,True,False,,,,,0,1661706465,,0,{},im5dopg,False,t3_wzsuz2,False,False,t3_wzsuz2,/r/consulting/comments/wzsuz2/faang_top_tech_mbb_big4_canadian_salary_thread/im5dopg/,1661706478,1,False,True,False,consulting,t5_2r121,r/consulting,public,,0,[],,1661720865.0
[],False,,sowacc,,,[],,,,text,t2_i96ncv,False,False,"Firm: MBB
Location: HCOL
Practice: Consulting
Level: SA1 (post-MBA role)
Comp: $190k + $50k bonus (max) + 10% RRSP 
Additional Info: Advanced degree (non-MBA), zero YoE",47f63eb096961cb70e75305408ee88ea82079ca2,True,False,,,,,0,1661704328,,0,{},im58b0o,False,t3_wzsuz2,False,True,t3_wzsuz2,/r/consulting/comments/wzsuz2/faang_top_tech_mbb_big4_canadian_salary_thread/im58b0o/,1661704342,1,False,True,False,consulting,t5_2r121,r/consulting,public,,0,[],,1661718728.0
[],False,,on_cloud_one,,,[],,,,text,t2_b2hoy7ar,False,False,"1. Big4

2. LCOL

3. Human capital

4. Manager

5. $140k plus bonus tbd 

6. Just moved firms and got a 20% pay bump.",6ff703bcbaa8789788c7feb53622398c83125113,True,False,,,,,0,1661703001,,0,{},im550eh,False,t3_wzsuz2,False,True,t3_wzsuz2,/r/consulting/comments/wzsuz2/faang_top_tech_mbb_big4_canadian_salary_thread/im550eh/,1661703015,1,False,True,False,consulting,t5_2r121,r/consulting,public,,0,[],,1661717401.0
[],False,,whiskeynwaitresses,,,[],,,,text,t2_6dr4v,False,False,"Top Tech, HCOL, partner sales org, Sr. program Mgr., $180k, +20% annual bonus, +15% stockvesting, employer paid ins., 6% 401k match, then a bunch of random reimbursements, employee wellness fund etc.",75735cef2a21a32dce40e08d33fb659e3900caa3,True,False,,,,,0,1661702240,,0,{},im534q1,False,t3_wzsuz2,False,True,t3_wzsuz2,/r/consulting/comments/wzsuz2/faang_top_tech_mbb_big4_canadian_salary_thread/im534q1/,1661702259,1,False,True,False,consulting,t5_2r121,r/consulting,public,,0,[],,1661716640.0
[],False,,StupidUsername_jpg,,,[],,,,text,t2_ejevt,False,False,"1. MBB
2. HCOL
3. consulting
4. A1
5. 100k$ base, 7% RRSP, up to 30k bonus
6. Fresh out of undergrad",2cb50cfcdcb27f65a390f1a513652aea47ab78c4,True,False,,,,,0,1661694421,,0,{},im4l554,False,t3_wzsuz2,False,True,t3_wzsuz2,/r/consulting/comments/wzsuz2/faang_top_tech_mbb_big4_canadian_salary_thread/im4l554/,1661694434,1,False,True,False,consulting,t5_2r121,r/consulting,public,,0,[],,1661708821.0
[],False,,eli5pleej,,,[],,,,text,t2_9ormobd0,False,False,"I'll get the ball rolling :)

**Firm:** BCG  
**Market:** HCOL  
**LOS:** BCG Digital  
**Level:** Senior Consultant  
**C$:** 178k + 15k bonus  
**Additional:** Non-MBA, 7.5yrs total experience",6ebe420afdf24a4e49dbcdae96ec1d1f03d3bd6e,True,False,,,,,0,1661684921,,0,{},im4588v,True,t3_wzsuz2,False,True,t3_wzsuz2,/r/consulting/comments/wzsuz2/faang_top_tech_mbb_big4_canadian_salary_thread/im4588v/,1661684938,1,False,True,False,consulting,t5_2r121,r/consulting,public,,0,[],,1661699321.0
[],False,,AutoModerator,,,[],,,,text,t2_6l4z3,False,True,"Please note that all intro to consulting, recruiting, and ""tips for new hires"" inquiries should be posted in the appropriate stickied threads at the top of this subreddit.
The following is a non-exhaustive list of topics that should be submitted to the recruiting or new hire stickies: 

 - basic questions about consulting and consulting firms
 - how to break into consulting or questions about the recruitment process  
 - seeking information, opinions, or comparisons regarding firms 
 - resume or cover letter or document reviews  
 - networking advice  
 - fit or case interview advice  
 - comparing offers
 - tips on starting a new job (e.g., credit cards, attire, navigating the bench)

If your post is a recruiting or new hire related inquiry, please delete it and repost in the sticky. Failure to do so in a timely manner may result in a temporary ban.  You may also want to [visit the wiki](https://www.reddit.com/r/consulting/wiki/index) for answers to many frequently asked questions.  If you have received this post in error, then please ignore this message.


*I am a bot, and this action was performed automatically. Please [contact the moderators of this subreddit](/message/compose/?to=/r/consulting) if you have any questions or concerns.*",68a2ecf32109bd4e30bf5006c666af73a338d5b8,True,False,,,,,0,1661684824,moderator,0,{},im453ji,False,t3_wzsuz2,False,True,t3_wzsuz2,/r/consulting/comments/wzsuz2/faang_top_tech_mbb_big4_canadian_salary_thread/im453ji/,1661684839,1,False,False,False,consulting,t5_2r121,r/consulting,public,,0,[],,1661699224.0
